PRODUCT_ID,SKU,PRODUCT_NAME,SUB_CATEGORY,CATEGORY,BASE_COST
100,SKU-CFCD2084,Pro Laptop 0,Laptops,Electronics,642.00
101,SKU-C4CA4238,Pro Laptop 1,Laptops,Electronics,284.00
102,SKU-C81E728D,Wireless Hub 2,Accessories,Electronics,579.00
103,SKU-ECCBC87E,Office Desk 3,Furniture,Office Supplies,369.00
104,SKU-A87FF679,Ultra Monitor 4,Monitors,Electronics,236.00
105,SKU-E4DA3B7F,Pro Laptop 5,Laptops,Electronics,593.00
106,SKU-1679091C,Pro Laptop 6,Laptops,Electronics,556.00
107,SKU-8F14E45F,Office Desk 7,Furniture,Office Supplies,264.00
108,SKU-C9F0F895,Office Desk 8,Furniture,Office Supplies,196.00
109,SKU-45C48CCE,Ultra Monitor 9,Monitors,Electronics,661.00
110,SKU-D3D94468,Ultra Monitor 10,Monitors,Electronics,283.00
111,SKU-6512BD43,Office Desk 11,Furniture,Office Supplies,625.00
112,SKU-C20AD4D7,Office Desk 12,Furniture,Office Supplies,750.00
113,SKU-C51CE410,Wireless Hub 13,Accessories,Electronics,34.00
114,SKU-AAB32389,Office Desk 14,Furniture,Office Supplies,82.00
115,SKU-9BF31C7F,Ultra Monitor 15,Monitors,Electronics,429.00
116,SKU-C74D97B0,Pro Laptop 16,Laptops,Electronics,84.00
117,SKU-70EFDF2E,Office Desk 17,Furniture,Office Supplies,219.00
118,SKU-6F4922F4,Office Desk 18,Furniture,Office Supplies,540.00
119,SKU-1F0E3DAD,Ultra Monitor 19,Monitors,Electronics,709.00
120,SKU-98F13708,Pro Laptop 20,Laptops,Electronics,381.00
121,SKU-3C59DC04,Wireless Hub 21,Accessories,Electronics,161.00
122,SKU-B6D767D2,Office Desk 22,Furniture,Office Supplies,537.00
123,SKU-37693CFC,Pro Laptop 23,Laptops,Electronics,155.00
124,SKU-1FF1DE77,Office Desk 24,Furniture,Office Supplies,63.00
125,SKU-8E296A06,Wireless Hub 25,Accessories,Electronics,236.00
126,SKU-4E732CED,Wireless Hub 26,Accessories,Electronics,86.00
127,SKU-02E74F10,Wireless Hub 27,Accessories,Electronics,577.00
128,SKU-33E75FF0,Pro Laptop 28,Laptops,Electronics,151.00
129,SKU-6EA9AB1B,Wireless Hub 29,Accessories,Electronics,60.00
130,SKU-34173CB3,Office Desk 30,Furniture,Office Supplies,613.00
131,SKU-C16A5320,Office Desk 31,Furniture,Office Supplies,467.00
132,SKU-6364D3F0,Office Desk 32,Furniture,Office Supplies,653.00
133,SKU-182BE0C5,Ultra Monitor 33,Monitors,Electronics,499.00
134,SKU-E369853D,Ultra Monitor 34,Monitors,Electronics,548.00
135,SKU-1C383CD3,Wireless Hub 35,Accessories,Electronics,197.00
136,SKU-19CA14E7,Ultra Monitor 36,Monitors,Electronics,412.00
137,SKU-A5BFC9E0,Office Desk 37,Furniture,Office Supplies,371.00
138,SKU-A5771BCE,Ultra Monitor 38,Monitors,Electronics,541.00
139,SKU-D67D8AB4,Pro Laptop 39,Laptops,Electronics,517.00
140,SKU-D645920E,Office Desk 40,Furniture,Office Supplies,544.00
141,SKU-3416A75F,Office Desk 41,Furniture,Office Supplies,26.00
142,SKU-A1D0C6E8,Wireless Hub 42,Accessories,Electronics,381.00
143,SKU-17E62166,Office Desk 43,Furniture,Office Supplies,649.00
144,SKU-F7177163,Office Desk 44,Furniture,Office Supplies,526.00
145,SKU-6C8349CC,Pro Laptop 45,Laptops,Electronics,422.00
146,SKU-D9D4F495,Office Desk 46,Furniture,Office Supplies,591.00
147,SKU-67C6A1E7,Wireless Hub 47,Accessories,Electronics,682.00
148,SKU-642E92EF,Ultra Monitor 48,Monitors,Electronics,694.00
149,SKU-F457C545,Office Desk 49,Furniture,Office Supplies,780.00
150,SKU-C0C7C76D,Pro Laptop 50,Laptops,Electronics,768.00
151,SKU-2838023A,Office Desk 51,Furniture,Office Supplies,251.00
152,SKU-9A115815,Pro Laptop 52,Laptops,Electronics,709.00
153,SKU-D82C8D16,Office Desk 53,Furniture,Office Supplies,412.00
154,SKU-A684ECEE,Pro Laptop 54,Laptops,Electronics,478.00
155,SKU-B53B3A3D,Wireless Hub 55,Accessories,Electronics,659.00
156,SKU-9F61408E,Pro Laptop 56,Laptops,Electronics,708.00
157,SKU-72B32A1F,Office Desk 57,Furniture,Office Supplies,539.00
158,SKU-66F041E1,Ultra Monitor 58,Monitors,Electronics,654.00
159,SKU-093F65E0,Wireless Hub 59,Accessories,Electronics,409.00
160,SKU-072B030B,Office Desk 60,Furniture,Office Supplies,442.00
161,SKU-7F39F831,Ultra Monitor 61,Monitors,Electronics,416.00
162,SKU-44F683A8,Pro Laptop 62,Laptops,Electronics,151.00
163,SKU-03AFDBD6,Ultra Monitor 63,Monitors,Electronics,525.00
164,SKU-EA5D2F1C,Pro Laptop 64,Laptops,Electronics,392.00
165,SKU-FC490CA4,Wireless Hub 65,Accessories,Electronics,180.00
166,SKU-3295C76A,Office Desk 66,Furniture,Office Supplies,311.00
167,SKU-735B90B4,Ultra Monitor 67,Monitors,Electronics,567.00
168,SKU-A3F390D8,Office Desk 68,Furniture,Office Supplies,511.00
169,SKU-14BFA6BB,Office Desk 69,Furniture,Office Supplies,695.00
170,SKU-7CBBC409,Pro Laptop 70,Laptops,Electronics,591.00
171,SKU-E2C420D9,Office Desk 71,Furniture,Office Supplies,489.00
172,SKU-32BB90E8,Office Desk 72,Furniture,Office Supplies,323.00
173,SKU-D2DDEA18,Office Desk 73,Furniture,Office Supplies,374.00
174,SKU-AD61AB14,Ultra Monitor 74,Monitors,Electronics,577.00
175,SKU-D09BF415,Office Desk 75,Furniture,Office Supplies,29.00
176,SKU-FBD7939D,Wireless Hub 76,Accessories,Electronics,64.00
177,SKU-28DD2C79,Pro Laptop 77,Laptops,Electronics,158.00
178,SKU-35F4A8D4,Pro Laptop 78,Laptops,Electronics,651.00
179,SKU-D1FE173D,Office Desk 79,Furniture,Office Supplies,770.00
180,SKU-F033AB37,Office Desk 80,Furniture,Office Supplies,607.00
181,SKU-43EC517D,Office Desk 81,Furniture,Office Supplies,510.00
182,SKU-9778D5D2,Office Desk 82,Furniture,Office Supplies,181.00
183,SKU-FE9FC289,Ultra Monitor 83,Monitors,Electronics,85.00
184,SKU-68D30A95,Wireless Hub 84,Accessories,Electronics,23.00
185,SKU-3EF81541,Office Desk 85,Furniture,Office Supplies,226.00
186,SKU-93DB85ED,Wireless Hub 86,Accessories,Electronics,517.00
187,SKU-C7E1249F,Ultra Monitor 87,Monitors,Electronics,565.00
188,SKU-2A38A4A9,Office Desk 88,Furniture,Office Supplies,376.00
189,SKU-7647966B,Office Desk 89,Furniture,Office Supplies,308.00
190,SKU-8613985E,Office Desk 90,Furniture,Office Supplies,656.00
191,SKU-54229ABF,Pro Laptop 91,Laptops,Electronics,148.00
192,SKU-92CC2275,Pro Laptop 92,Laptops,Electronics,499.00
193,SKU-98DCE83D,Office Desk 93,Furniture,Office Supplies,634.00
194,SKU-F4B9EC30,Office Desk 94,Furniture,Office Supplies,430.00
195,SKU-812B4BA2,Pro Laptop 95,Laptops,Electronics,132.00
196,SKU-26657D5F,Office Desk 96,Furniture,Office Supplies,21.00
197,SKU-E2EF524F,Wireless Hub 97,Accessories,Electronics,690.00
198,SKU-ED3D2C21,Ultra Monitor 98,Monitors,Electronics,787.00
199,SKU-AC627AB1,Wireless Hub 99,Accessories,Electronics,556.00
200,SKU-F899139D,Ultra Monitor 100,Monitors,Electronics,203.00
201,SKU-38B3EFF8,Office Desk 101,Furniture,Office Supplies,414.00
202,SKU-EC895663,Ultra Monitor 102,Monitors,Electronics,173.00
203,SKU-6974CE5A,Pro Laptop 103,Laptops,Electronics,424.00
204,SKU-C9E1074F,Ultra Monitor 104,Monitors,Electronics,743.00
205,SKU-65B9EEA6,Ultra Monitor 105,Monitors,Electronics,701.00
206,SKU-F0935E4C,Office Desk 106,Furniture,Office Supplies,645.00
207,SKU-A97DA629,Ultra Monitor 107,Monitors,Electronics,483.00
208,SKU-A3C65C29,Office Desk 108,Furniture,Office Supplies,239.00
209,SKU-2723D092,Pro Laptop 109,Laptops,Electronics,677.00
210,SKU-5F93F983,Office Desk 110,Furniture,Office Supplies,401.00
211,SKU-698D51A1,Pro Laptop 111,Laptops,Electronics,379.00
212,SKU-7F6FFAA6,Pro Laptop 112,Laptops,Electronics,632.00
213,SKU-73278A4A,Pro Laptop 113,Laptops,Electronics,710.00
214,SKU-5FD0B37C,Office Desk 114,Furniture,Office Supplies,764.00
215,SKU-2B44928A,Pro Laptop 115,Laptops,Electronics,601.00
216,SKU-C45147DE,Office Desk 116,Furniture,Office Supplies,300.00
217,SKU-EB160DE1,Pro Laptop 117,Laptops,Electronics,127.00
218,SKU-5EF05993,Wireless Hub 118,Accessories,Electronics,507.00
219,SKU-07E1CD7D,Ultra Monitor 119,Monitors,Electronics,737.00
220,SKU-DA4FB5C6,Office Desk 120,Furniture,Office Supplies,226.00
221,SKU-4C56FF4C,Pro Laptop 121,Laptops,Electronics,719.00
222,SKU-A0A080F4,Office Desk 122,Furniture,Office Supplies,312.00
223,SKU-202CB962,Ultra Monitor 123,Monitors,Electronics,125.00
224,SKU-C8FFE9A5,Wireless Hub 124,Accessories,Electronics,428.00
225,SKU-3DEF184A,Ultra Monitor 125,Monitors,Electronics,394.00
226,SKU-069059B7,Ultra Monitor 126,Monitors,Electronics,419.00
227,SKU-EC5DECCA,Office Desk 127,Furniture,Office Supplies,338.00
228,SKU-76DC611D,Pro Laptop 128,Laptops,Electronics,206.00
229,SKU-D1F491A4,Pro Laptop 129,Laptops,Electronics,164.00
230,SKU-9B861925,Pro Laptop 130,Laptops,Electronics,229.00
231,SKU-1AFA34A7,Office Desk 131,Furniture,Office Supplies,216.00
232,SKU-65DED535,Office Desk 132,Furniture,Office Supplies,418.00
233,SKU-9FC3D715,Ultra Monitor 133,Monitors,Electronics,251.00
234,SKU-02522A2B,Ultra Monitor 134,Monitors,Electronics,355.00
235,SKU-7F1DE29E,Office Desk 135,Furniture,Office Supplies,397.00
236,SKU-42A0E188,Office Desk 136,Furniture,Office Supplies,354.00
237,SKU-3988C7F8,Office Desk 137,Furniture,Office Supplies,766.00
238,SKU-013D4071,Pro Laptop 138,Laptops,Electronics,592.00
239,SKU-E00DA03B,Ultra Monitor 139,Monitors,Electronics,157.00
240,SKU-1385974E,Ultra Monitor 140,Monitors,Electronics,520.00
241,SKU-0F28B5D4,Ultra Monitor 141,Monitors,Electronics,130.00
242,SKU-A8BAA565,Ultra Monitor 142,Monitors,Electronics,186.00
243,SKU-903CE922,Pro Laptop 143,Laptops,Electronics,667.00
244,SKU-0A09C884,Office Desk 144,Furniture,Office Supplies,693.00
245,SKU-2B24D495,Office Desk 145,Furniture,Office Supplies,679.00
246,SKU-A5E00132,Office Desk 146,Furniture,Office Supplies,108.00
247,SKU-8D5E957F,Office Desk 147,Furniture,Office Supplies,401.00
248,SKU-47D1E990,Office Desk 148,Furniture,Office Supplies,607.00
249,SKU-F2217062,Office Desk 149,Furniture,Office Supplies,778.00
250,SKU-7EF605FC,Pro Laptop 150,Laptops,Electronics,719.00
251,SKU-A8F15EDA,Office Desk 151,Furniture,Office Supplies,756.00
252,SKU-37A749D8,Office Desk 152,Furniture,Office Supplies,469.00
253,SKU-B3E3E393,Pro Laptop 153,Laptops,Electronics,245.00
254,SKU-1D7F7ABC,Office Desk 154,Furniture,Office Supplies,712.00
255,SKU-2A79EA27,Ultra Monitor 155,Monitors,Electronics,729.00
256,SKU-1C9AC015,Ultra Monitor 156,Monitors,Electronics,784.00
257,SKU-6C4B761A,Office Desk 157,Furniture,Office Supplies,241.00
258,SKU-06409663,Wireless Hub 158,Accessories,Electronics,225.00
259,SKU-140F6969,Pro Laptop 159,Laptops,Electronics,340.00
260,SKU-B73CE398,Office Desk 160,Furniture,Office Supplies,549.00
261,SKU-BD4C9AB7,Pro Laptop 161,Laptops,Electronics,422.00
262,SKU-82AA4B0A,Ultra Monitor 162,Monitors,Electronics,624.00
263,SKU-0777D5C1,Office Desk 163,Furniture,Office Supplies,494.00
264,SKU-FA7CDFAD,Office Desk 164,Furniture,Office Supplies,691.00
265,SKU-9766527F,Office Desk 165,Furniture,Office Supplies,645.00
266,SKU-7E7757B1,Office Desk 166,Furniture,Office Supplies,612.00
267,SKU-5878A7AB,Office Desk 167,Furniture,Office Supplies,67.00
268,SKU-006F52E9,Pro Laptop 168,Laptops,Electronics,500.00
269,SKU-36366388,Office Desk 169,Furniture,Office Supplies,87.00
270,SKU-149E9677,Office Desk 170,Furniture,Office Supplies,456.00
271,SKU-A4A042CF,Ultra Monitor 171,Monitors,Electronics,389.00
272,SKU-1FF8A7B5,Ultra Monitor 172,Monitors,Electronics,539.00
273,SKU-F7E6C855,Ultra Monitor 173,Monitors,Electronics,71.00
274,SKU-BF822969,Office Desk 174,Furniture,Office Supplies,595.00
275,SKU-82161242,Wireless Hub 175,Accessories,Electronics,645.00
276,SKU-38AF8613,Ultra Monitor 176,Monitors,Electronics,746.00
277,SKU-96DA2F59,Pro Laptop 177,Laptops,Electronics,81.00
278,SKU-8F855179,Office Desk 178,Furniture,Office Supplies,668.00
279,SKU-8F53295A,Pro Laptop 179,Laptops,Electronics,48.00
280,SKU-045117B0,Ultra Monitor 180,Monitors,Electronics,431.00
281,SKU-FC221309,Wireless Hub 181,Accessories,Electronics,176.00
282,SKU-4C5BDE74,Pro Laptop 182,Laptops,Electronics,165.00
283,SKU-CEDEBB6E,Office Desk 183,Furniture,Office Supplies,109.00
284,SKU-6CDD60EA,Pro Laptop 184,Laptops,Electronics,110.00
285,SKU-EECCA5B6,Ultra Monitor 185,Monitors,Electronics,498.00
286,SKU-9872ED9F,Office Desk 186,Furniture,Office Supplies,647.00
287,SKU-31FEFC0E,Office Desk 187,Furniture,Office Supplies,413.00
288,SKU-9DCB88E0,Pro Laptop 188,Laptops,Electronics,147.00
289,SKU-A2557A7B,Office Desk 189,Furniture,Office Supplies,595.00
290,SKU-CFECDB27,Office Desk 190,Furniture,Office Supplies,640.00
291,SKU-0AA1883C,Office Desk 191,Furniture,Office Supplies,240.00
292,SKU-58A2FC6E,Ultra Monitor 192,Monitors,Electronics,353.00
293,SKU-BD686FD6,Office Desk 193,Furniture,Office Supplies,315.00
294,SKU-A597E505,Office Desk 194,Furniture,Office Supplies,519.00
295,SKU-0336DCBA,Office Desk 195,Furniture,Office Supplies,750.00
296,SKU-084B6FBB,Office Desk 196,Furniture,Office Supplies,522.00
297,SKU-85D8CE59,Office Desk 197,Furniture,Office Supplies,679.00
298,SKU-0E65972D,Office Desk 198,Furniture,Office Supplies,293.00
299,SKU-84D9EE44,Office Desk 199,Furniture,Office Supplies,229.00
300,SKU-3644A684,Office Desk 200,Furniture,Office Supplies,416.00
301,SKU-757B505C,Ultra Monitor 201,Monitors,Electronics,714.00
302,SKU-854D6FAE,Pro Laptop 202,Laptops,Electronics,410.00
303,SKU-E2C0BE24,Wireless Hub 203,Accessories,Electronics,419.00
304,SKU-274AD478,Office Desk 204,Furniture,Office Supplies,470.00
305,SKU-EAE27D77,Office Desk 205,Furniture,Office Supplies,513.00
306,SKU-7EABE3A1,Ultra Monitor 206,Monitors,Electronics,213.00
307,SKU-69ADC1E1,Office Desk 207,Furniture,Office Supplies,724.00
308,SKU-091D584F,Office Desk 208,Furniture,Office Supplies,683.00
309,SKU-B1D10E7B,Office Desk 209,Furniture,Office Supplies,238.00
310,SKU-6F3EF77A,Office Desk 210,Furniture,Office Supplies,193.00
311,SKU-EB163727,Ultra Monitor 211,Monitors,Electronics,207.00
312,SKU-1534B76D,Wireless Hub 212,Accessories,Electronics,375.00
313,SKU-979D472A,Office Desk 213,Furniture,Office Supplies,53.00
314,SKU-CA46C1B9,Pro Laptop 214,Laptops,Electronics,34.00
315,SKU-3B8A6142,Office Desk 215,Furniture,Office Supplies,620.00
316,SKU-45FBC6D3,Pro Laptop 216,Laptops,Electronics,454.00
317,SKU-63DC7ED1,Office Desk 217,Furniture,Office Supplies,236.00
318,SKU-E96ED478,Ultra Monitor 218,Monitors,Electronics,335.00
319,SKU-C0E190D8,Pro Laptop 219,Laptops,Electronics,145.00
320,SKU-EC8CE6AB,Ultra Monitor 220,Monitors,Electronics,180.00
321,SKU-060AD924,Office Desk 221,Furniture,Office Supplies,368.00
322,SKU-BCBE3365,Office Desk 222,Furniture,Office Supplies,384.00
323,SKU-115F8950,Wireless Hub 223,Accessories,Electronics,682.00
324,SKU-13FE9D84,Office Desk 224,Furniture,Office Supplies,362.00
325,SKU-D1C38A09,Ultra Monitor 225,Monitors,Electronics,793.00
326,SKU-9CFDF10E,Office Desk 226,Furniture,Office Supplies,416.00
327,SKU-705F2172,Office Desk 227,Furniture,Office Supplies,183.00
328,SKU-74DB120F,Office Desk 228,Furniture,Office Supplies,706.00
329,SKU-57AEEE35,Pro Laptop 229,Laptops,Electronics,118.00
330,SKU-6DA9003B,Ultra Monitor 230,Monitors,Electronics,619.00
331,SKU-9B04D152,Office Desk 231,Furniture,Office Supplies,253.00
332,SKU-BE83AB3E,Pro Laptop 232,Laptops,Electronics,342.00
333,SKU-E1654211,Pro Laptop 233,Laptops,Electronics,517.00
334,SKU-289DFF07,Ultra Monitor 234,Monitors,Electronics,552.00
335,SKU-577EF115,Office Desk 235,Furniture,Office Supplies,278.00
336,SKU-01161AAA,Office Desk 236,Furniture,Office Supplies,212.00
337,SKU-539FD53B,Ultra Monitor 237,Monitors,Electronics,591.00
338,SKU-AC1DD209,Wireless Hub 238,Accessories,Electronics,419.00
339,SKU-555D6702,Office Desk 239,Furniture,Office Supplies,143.00
340,SKU-335F5352,Office Desk 240,Furniture,Office Supplies,774.00
341,SKU-F340F1B1,Pro Laptop 241,Laptops,Electronics,398.00
342,SKU-E4A6222C,Ultra Monitor 242,Monitors,Electronics,508.00
343,SKU-CB70AB37,Office Desk 243,Furniture,Office Supplies,234.00
344,SKU-9188905E,Office Desk 244,Furniture,Office Supplies,663.00
345,SKU-0266E33D,Pro Laptop 245,Laptops,Electronics,712.00
346,SKU-38DB3AED,Office Desk 246,Furniture,Office Supplies,289.00
347,SKU-3CEC07E9,Pro Laptop 247,Laptops,Electronics,424.00
348,SKU-621BF66D,Office Desk 248,Furniture,Office Supplies,409.00
349,SKU-077E29B1,Wireless Hub 249,Accessories,Electronics,446.00
350,SKU-6C9882BB,Office Desk 250,Furniture,Office Supplies,80.00
351,SKU-19F3CD30,Wireless Hub 251,Accessories,Electronics,675.00
352,SKU-03C6B069,Wireless Hub 252,Accessories,Electronics,378.00
353,SKU-C24CD76E,Ultra Monitor 253,Monitors,Electronics,59.00
354,SKU-C52F1BD6,Ultra Monitor 254,Monitors,Electronics,257.00
355,SKU-FE131D7F,Ultra Monitor 255,Monitors,Electronics,800.00
356,SKU-F718499C,Pro Laptop 256,Laptops,Electronics,29.00
357,SKU-D96409BF,Pro Laptop 257,Laptops,Electronics,375.00
358,SKU-502E4A16,Office Desk 258,Furniture,Office Supplies,171.00
359,SKU-CFA0860E,Office Desk 259,Furniture,Office Supplies,362.00
360,SKU-A4F23670,Office Desk 260,Furniture,Office Supplies,776.00
361,SKU-B1A59B31,Office Desk 261,Furniture,Office Supplies,616.00
362,SKU-36660E59,Ultra Monitor 262,Monitors,Electronics,382.00
363,SKU-8C19F571,Office Desk 263,Furniture,Office Supplies,377.00
364,SKU-D6BAF65E,Ultra Monitor 264,Monitors,Electronics,563.00
365,SKU-E56954B4,Pro Laptop 265,Laptops,Electronics,70.00
366,SKU-F7664060,Office Desk 266,Furniture,Office Supplies,515.00
367,SKU-EDA80A3D,Office Desk 267,Furniture,Office Supplies,770.00
368,SKU-8F121CE0,Ultra Monitor 268,Monitors,Electronics,423.00
369,SKU-06138BC5,Wireless Hub 269,Accessories,Electronics,61.00
370,SKU-39059724,Office Desk 270,Furniture,Office Supplies,388.00
371,SKU-7F100B7B,Ultra Monitor 271,Monitors,Electronics,56.00
372,SKU-7A614FD0,Ultra Monitor 272,Monitors,Electronics,479.00
373,SKU-4734BA6F,Ultra Monitor 273,Monitors,Electronics,593.00
374,SKU-D947BF06,Ultra Monitor 274,Monitors,Electronics,663.00
375,SKU-63923F49,Ultra Monitor 275,Monitors,Electronics,423.00
376,SKU-DB8E1AF0,Pro Laptop 276,Laptops,Electronics,621.00
377,SKU-20F07591,Wireless Hub 277,Accessories,Electronics,674.00
378,SKU-07CDFD23,Pro Laptop 278,Laptops,Electronics,193.00
379,SKU-D3957710,Pro Laptop 279,Laptops,Electronics,368.00
380,SKU-92C8C96E,Office Desk 280,Furniture,Office Supplies,549.00
381,SKU-E3796AE8,Office Desk 281,Furniture,Office Supplies,215.00
382,SKU-6A9AEDDF,Office Desk 282,Furniture,Office Supplies,642.00
383,SKU-0F49C89D,Pro Laptop 283,Laptops,Electronics,696.00
384,SKU-46BA9F2A,Ultra Monitor 284,Monitors,Electronics,712.00
385,SKU-0E01938F,Wireless Hub 285,Accessories,Electronics,392.00
386,SKU-16A5CDAE,Office Desk 286,Furniture,Office Supplies,258.00
387,SKU-918317B5,Office Desk 287,Furniture,Office Supplies,316.00
388,SKU-48AEDB88,Ultra Monitor 288,Monitors,Electronics,771.00
389,SKU-839AB468,Office Desk 289,Furniture,Office Supplies,794.00
390,SKU-F90F2ACA,Office Desk 290,Furniture,Office Supplies,426.00
391,SKU-9C838D2E,Ultra Monitor 291,Monitors,Electronics,423.00
392,SKU-17000029,Office Desk 292,Furniture,Office Supplies,766.00
393,SKU-53C3BCE6,Ultra Monitor 293,Monitors,Electronics,761.00
394,SKU-6883966F,Office Desk 294,Furniture,Office Supplies,539.00
395,SKU-49182F81,Wireless Hub 295,Accessories,Electronics,737.00
396,SKU-D296C101,Office Desk 296,Furniture,Office Supplies,526.00
397,SKU-9FD81843,Pro Laptop 297,Laptops,Electronics,283.00
398,SKU-26E359E8,Office Desk 298,Furniture,Office Supplies,173.00
399,SKU-EF0D3930,Ultra Monitor 299,Monitors,Electronics,419.00
400,SKU-94F6D7E0,Office Desk 300,Furniture,Office Supplies,195.00
401,SKU-34ED066D,Office Desk 301,Furniture,Office Supplies,461.00
402,SKU-577BCC91,Wireless Hub 302,Accessories,Electronics,345.00
403,SKU-11B9842E,Pro Laptop 303,Laptops,Electronics,460.00
404,SKU-37BC2F75,Office Desk 304,Furniture,Office Supplies,736.00
405,SKU-496E05E1,Pro Laptop 305,Laptops,Electronics,768.00
406,SKU-B2EB7349,Pro Laptop 306,Laptops,Electronics,37.00
407,SKU-8E98D81F,Wireless Hub 307,Accessories,Electronics,413.00
408,SKU-A8C88A00,Office Desk 308,Furniture,Office Supplies,770.00
409,SKU-EDDEA82A,Ultra Monitor 309,Monitors,Electronics,126.00
410,SKU-06EB61B8,Pro Laptop 310,Laptops,Electronics,229.00
411,SKU-9DFCD5E5,Wireless Hub 311,Accessories,Electronics,783.00
412,SKU-950A4152,Ultra Monitor 312,Monitors,Electronics,494.00
413,SKU-158F3069,Wireless Hub 313,Accessories,Electronics,24.00
414,SKU-75887499,Office Desk 314,Furniture,Office Supplies,351.00
415,SKU-AD13A2A0,Office Desk 315,Furniture,Office Supplies,386.00
416,SKU-3FE94A00,Office Desk 316,Furniture,Office Supplies,264.00
417,SKU-5B8ADD2A,Pro Laptop 317,Laptops,Electronics,264.00
418,SKU-432ACA3A,Wireless Hub 318,Accessories,Electronics,280.00
419,SKU-8D3BBA74,Wireless Hub 319,Accessories,Electronics,650.00
420,SKU-32072254,Office Desk 320,Furniture,Office Supplies,292.00
421,SKU-CAF1A3DF,Wireless Hub 321,Accessories,Electronics,622.00
422,SKU-5737C6EC,Office Desk 322,Furniture,Office Supplies,778.00
423,SKU-BC6DC48B,Pro Laptop 323,Laptops,Electronics,30.00
424,SKU-F2FC9902,Ultra Monitor 324,Monitors,Electronics,388.00
425,SKU-89F0FD5C,Office Desk 325,Furniture,Office Supplies,157.00
426,SKU-A666587A,Ultra Monitor 326,Monitors,Electronics,789.00
427,SKU-B83AAC23,Office Desk 327,Furniture,Office Supplies,553.00
428,SKU-CD00692C,Pro Laptop 328,Laptops,Electronics,486.00
429,SKU-6FAA8040,Pro Laptop 329,Laptops,Electronics,248.00
430,SKU-FE73F687,Office Desk 330,Furniture,Office Supplies,220.00
431,SKU-6DA37DD3,Office Desk 331,Furniture,Office Supplies,54.00
432,SKU-C042F4DB,Ultra Monitor 332,Monitors,Electronics,211.00
433,SKU-310DCBBF,Office Desk 333,Furniture,Office Supplies,39.00
434,SKU-2F2B2656,Pro Laptop 334,Laptops,Electronics,521.00
435,SKU-F9B902FC,Wireless Hub 335,Accessories,Electronics,705.00
436,SKU-6855456E,Pro Laptop 336,Laptops,Electronics,541.00
437,SKU-357A6FDF,Pro Laptop 337,Laptops,Electronics,617.00
438,SKU-819F46E5,Pro Laptop 338,Laptops,Electronics,569.00
439,SKU-04025959,Ultra Monitor 339,Monitors,Electronics,371.00
440,SKU-40008B9A,Pro Laptop 340,Laptops,Electronics,502.00
441,SKU-3DD48AB3,Ultra Monitor 341,Monitors,Electronics,104.00
442,SKU-58238E9A,Ultra Monitor 342,Monitors,Electronics,145.00
443,SKU-3AD7C2EB,Ultra Monitor 343,Monitors,Electronics,578.00
444,SKU-B3967A0E,Pro Laptop 344,Laptops,Electronics,67.00
445,SKU-D81F9C1B,Wireless Hub 345,Accessories,Electronics,181.00
446,SKU-13F9896D,Office Desk 346,Furniture,Office Supplies,45.00
447,SKU-C5FF2543,Pro Laptop 347,Laptops,Electronics,366.00
448,SKU-01386BD6,Office Desk 348,Furniture,Office Supplies,705.00
449,SKU-0BB4AEC1,Ultra Monitor 349,Monitors,Electronics,95.00
450,SKU-9DE6D14F,Office Desk 350,Furniture,Office Supplies,768.00
451,SKU-EFE93778,Office Desk 351,Furniture,Office Supplies,424.00
452,SKU-371BCE7D,Office Desk 352,Furniture,Office Supplies,366.00
453,SKU-138BB069,Ultra Monitor 353,Monitors,Electronics,767.00
454,SKU-8DD48D6A,Office Desk 354,Furniture,Office Supplies,773.00
455,SKU-82CEC960,Ultra Monitor 355,Monitors,Electronics,789.00
456,SKU-6C524F9D,Office Desk 356,Furniture,Office Supplies,348.00
457,SKU-FB7B9FFA,Ultra Monitor 357,Monitors,Electronics,20.00
458,SKU-AA942AB2,Pro Laptop 358,Laptops,Electronics,639.00
459,SKU-C058F544,Pro Laptop 359,Laptops,Electronics,491.00
460,SKU-E7B24B11,Wireless Hub 360,Accessories,Electronics,416.00
461,SKU-52720E00,Office Desk 361,Furniture,Office Supplies,23.00
462,SKU-C3E878E2,Ultra Monitor 362,Monitors,Electronics,168.00
463,SKU-00411460,Pro Laptop 363,Laptops,Electronics,411.00
464,SKU-BAC9162B,Wireless Hub 364,Accessories,Electronics,497.00
465,SKU-9BE40CEE,Pro Laptop 365,Laptops,Electronics,532.00
466,SKU-5EF698CD,Office Desk 366,Furniture,Office Supplies,424.00
467,SKU-05049E90,Wireless Hub 367,Accessories,Electronics,244.00
468,SKU-CF004FDC,Wireless Hub 368,Accessories,Electronics,787.00
469,SKU-0C74B7F7,Pro Laptop 369,Laptops,Electronics,126.00
470,SKU-D709F38E,Wireless Hub 370,Accessories,Electronics,169.00
471,SKU-41F1F191,Office Desk 371,Furniture,Office Supplies,404.00
472,SKU-24B16FED,Pro Laptop 372,Laptops,Electronics,492.00
473,SKU-FFD52F3C,Pro Laptop 373,Laptops,Electronics,653.00
474,SKU-AD972F10,Pro Laptop 374,Laptops,Electronics,571.00
475,SKU-F61D6947,Pro Laptop 375,Laptops,Electronics,164.00
476,SKU-142949DF,Wireless Hub 376,Accessories,Electronics,545.00
477,SKU-D34AB169,Wireless Hub 377,Accessories,Electronics,89.00
478,SKU-8BF1211F,Pro Laptop 378,Laptops,Electronics,545.00
479,SKU-A02FFD91,Pro Laptop 379,Laptops,Electronics,628.00
480,SKU-BCA82E41,Wireless Hub 380,Accessories,Electronics,344.00
481,SKU-00EC53C4,Pro Laptop 381,Laptops,Electronics,271.00
482,SKU-4F6FFE13,Ultra Monitor 382,Monitors,Electronics,626.00
483,SKU-BEED1360,Office Desk 383,Furniture,Office Supplies,110.00
484,SKU-0584CE56,Office Desk 384,Furniture,Office Supplies,616.00
485,SKU-DC912A25,Wireless Hub 385,Accessories,Electronics,187.00
486,SKU-39461A19,Pro Laptop 386,Laptops,Electronics,236.00
487,SKU-8EFB100A,Office Desk 387,Furniture,Office Supplies,640.00
488,SKU-D9FC5B73,Office Desk 388,Furniture,Office Supplies,659.00
489,SKU-C86A7EE3,Office Desk 389,Furniture,Office Supplies,592.00
490,SKU-A01A0380,Office Desk 390,Furniture,Office Supplies,146.00
491,SKU-5A4B25AA,Ultra Monitor 391,Monitors,Electronics,339.00
492,SKU-F73B76CE,Pro Laptop 392,Laptops,Electronics,438.00
493,SKU-70C639DF,Office Desk 393,Furniture,Office Supplies,672.00
494,SKU-28F0B864,Ultra Monitor 394,Monitors,Electronics,683.00
495,SKU-1543843A,Office Desk 395,Furniture,Office Supplies,730.00
496,SKU-F8C1F23D,Office Desk 396,Furniture,Office Supplies,749.00
497,SKU-E46DE7E1,Ultra Monitor 397,Monitors,Electronics,716.00
498,SKU-B7B16ECF,Office Desk 398,Furniture,Office Supplies,313.00
499,SKU-352FE25D,Office Desk 399,Furniture,Office Supplies,488.00
500,SKU-18D80423,Office Desk 400,Furniture,Office Supplies,89.00
501,SKU-816B112C,Pro Laptop 401,Laptops,Electronics,315.00
502,SKU-69CB3EA3,Pro Laptop 402,Laptops,Electronics,149.00
503,SKU-BBF94B34,Pro Laptop 403,Laptops,Electronics,433.00
504,SKU-4F4ADCBF,Pro Laptop 404,Laptops,Electronics,711.00
505,SKU-BBCBFF5C,Pro Laptop 405,Laptops,Electronics,51.00
506,SKU-8CB22BDD,Office Desk 406,Furniture,Office Supplies,564.00
507,SKU-F4F6DCE2,Office Desk 407,Furniture,Office Supplies,28.00
508,SKU-0D0FD7C6,Pro Laptop 408,Laptops,Electronics,611.00
509,SKU-A96B65A7,Pro Laptop 409,Laptops,Electronics,399.00
510,SKU-1068C6E4,Office Desk 410,Furniture,Office Supplies,330.00
511,SKU-17D63B16,Ultra Monitor 411,Monitors,Electronics,618.00
512,SKU-B9228E09,Office Desk 412,Furniture,Office Supplies,279.00
513,SKU-0DEB1C54,Office Desk 413,Furniture,Office Supplies,36.00
514,SKU-66808E32,Office Desk 414,Furniture,Office Supplies,759.00
515,SKU-42E7AAA8,Office Desk 415,Furniture,Office Supplies,684.00
516,SKU-8FE0093B,Office Desk 416,Furniture,Office Supplies,456.00
517,SKU-41AE36EC,Ultra Monitor 417,Monitors,Electronics,107.00
518,SKU-D1F255A3,Office Desk 418,Furniture,Office Supplies,466.00
519,SKU-7EACB532,Office Desk 419,Furniture,Office Supplies,57.00
520,SKU-B6F0479A,Pro Laptop 420,Laptops,Electronics,620.00
521,SKU-E0C64119,Wireless Hub 421,Accessories,Electronics,741.00
522,SKU-F85454E8,Pro Laptop 422,Laptops,Electronics,223.00
523,SKU-FAA9AFEA,Ultra Monitor 423,Monitors,Electronics,507.00
524,SKU-3C7781A3,Pro Laptop 424,Laptops,Electronics,494.00
525,SKU-25B2822C,Wireless Hub 425,Accessories,Electronics,564.00
526,SKU-6ECBDD6E,Wireless Hub 426,Accessories,Electronics,171.00
527,SKU-18997733,Office Desk 427,Furniture,Office Supplies,712.00
528,SKU-8D7D8EE0,Pro Laptop 428,Laptops,Electronics,727.00
529,SKU-75FC093C,Pro Laptop 429,Laptops,Electronics,661.00
530,SKU-F74909AC,Pro Laptop 430,Laptops,Electronics,734.00
531,SKU-66368270,Pro Laptop 431,Laptops,Electronics,108.00
532,SKU-248E8443,Office Desk 432,Furniture,Office Supplies,334.00
533,SKU-019D385E,Office Desk 433,Furniture,Office Supplies,168.00
534,SKU-A49E9411,Pro Laptop 434,Laptops,Electronics,167.00
535,SKU-DDB30680,Ultra Monitor 435,Monitors,Electronics,696.00
536,SKU-2421FCB1,Office Desk 436,Furniture,Office Supplies,73.00
537,SKU-FCCB60FB,Wireless Hub 437,Accessories,Electronics,746.00
538,SKU-1651CF0D,Pro Laptop 438,Laptops,Electronics,260.00
539,SKU-EED5AF6A,Office Desk 439,Furniture,Office Supplies,401.00
540,SKU-A8ABB4BB,Office Desk 440,Furniture,Office Supplies,639.00
541,SKU-15D4E891,Pro Laptop 441,Laptops,Electronics,133.00
542,SKU-C203D8A1,Pro Laptop 442,Laptops,Electronics,670.00
543,SKU-13F3CF8C,Wireless Hub 443,Accessories,Electronics,126.00
544,SKU-550A141F,Office Desk 444,Furniture,Office Supplies,562.00
545,SKU-67F7FB87,Pro Laptop 445,Laptops,Electronics,781.00
546,SKU-1A5B1E4D,Office Desk 446,Furniture,Office Supplies,784.00
547,SKU-9A96876E,Pro Laptop 447,Laptops,Electronics,287.00
548,SKU-9B70E8FE,Office Desk 448,Furniture,Office Supplies,553.00
549,SKU-D61E4BBD,Ultra Monitor 449,Monitors,Electronics,160.00
550,SKU-F5F8590C,Pro Laptop 450,Laptops,Electronics,572.00
551,SKU-941E1AAA,Pro Laptop 451,Laptops,Electronics,512.00
552,SKU-9431C87F,Pro Laptop 452,Laptops,Electronics,182.00
553,SKU-49AE49A2,Ultra Monitor 453,Monitors,Electronics,324.00
554,SKU-E44FEA3B,Ultra Monitor 454,Monitors,Electronics,615.00
555,SKU-821FA74B,Pro Laptop 455,Laptops,Electronics,664.00
556,SKU-250CF8B5,Wireless Hub 456,Accessories,Electronics,501.00
557,SKU-42998CF3,Ultra Monitor 457,Monitors,Electronics,515.00
558,SKU-D07E70EF,Wireless Hub 458,Accessories,Electronics,46.00
559,SKU-7FE1F8AB,Wireless Hub 459,Accessories,Electronics,259.00
560,SKU-98B29795,Office Desk 460,Furniture,Office Supplies,427.00
561,SKU-0353AB4C,Wireless Hub 461,Accessories,Electronics,186.00
562,SKU-51D92BE1,Office Desk 462,Furniture,Office Supplies,532.00
563,SKU-428FCA9B,Wireless Hub 463,Accessories,Electronics,530.00
564,SKU-F1B6F285,Ultra Monitor 464,Monitors,Electronics,131.00
565,SKU-68CE199E,Ultra Monitor 465,Monitors,Electronics,537.00
566,SKU-E836D813,Ultra Monitor 466,Monitors,Electronics,739.00
567,SKU-AB817C93,Pro Laptop 467,Laptops,Electronics,303.00
568,SKU-877A9BA7,Office Desk 468,Furniture,Office Supplies,166.00
569,SKU-DC6A6489,Wireless Hub 469,Accessories,Electronics,793.00
570,SKU-26337353,Office Desk 470,Furniture,Office Supplies,649.00
571,SKU-8E6B42F1,Office Desk 471,Furniture,Office Supplies,695.00
572,SKU-EF575E88,Pro Laptop 472,Laptops,Electronics,237.00
573,SKU-2050E03C,Pro Laptop 473,Laptops,Electronics,397.00
574,SKU-25DDC0F8,Office Desk 474,Furniture,Office Supplies,160.00
575,SKU-5EF0B4EB,Wireless Hub 475,Accessories,Electronics,235.00
576,SKU-598B3E71,Pro Laptop 476,Laptops,Electronics,273.00
577,SKU-74071A67,Pro Laptop 477,Laptops,Electronics,259.00
578,SKU-CFEE3986,Office Desk 478,Furniture,Office Supplies,179.00
579,SKU-D18F655C,Office Desk 479,Furniture,Office Supplies,732.00
580,SKU-6EA2EF73,Office Desk 480,Furniture,Office Supplies,110.00
581,SKU-9461CCE2,Office Desk 481,Furniture,Office Supplies,226.00
582,SKU-F770B62B,Pro Laptop 482,Laptops,Electronics,781.00
583,SKU-E1E32E23,Ultra Monitor 483,Monitors,Electronics,553.00
584,SKU-EBA0DC30,Pro Laptop 484,Laptops,Electronics,126.00
585,SKU-218A0AEF,Office Desk 485,Furniture,Office Supplies,374.00
586,SKU-7D04BBBE,Pro Laptop 486,Laptops,Electronics,374.00
587,SKU-A516A87C,Pro Laptop 487,Laptops,Electronics,548.00
588,SKU-C3C59E5F,Office Desk 488,Furniture,Office Supplies,101.00
589,SKU-854D9FCA,Office Desk 489,Furniture,Office Supplies,755.00
590,SKU-C410003E,Office Desk 490,Furniture,Office Supplies,786.00
591,SKU-559CB990,Wireless Hub 491,Accessories,Electronics,427.00
592,SKU-55A7CF9C,Office Desk 492,Furniture,Office Supplies,332.00
593,SKU-2F55707D,Pro Laptop 493,Laptops,Electronics,256.00
594,SKU-1BE3BC32,Ultra Monitor 494,Monitors,Electronics,279.00
595,SKU-35051070,Ultra Monitor 495,Monitors,Electronics,561.00
596,SKU-B534BA68,Office Desk 496,Furniture,Office Supplies,609.00
597,SKU-7380AD8A,Pro Laptop 497,Laptops,Electronics,574.00
598,SKU-05F971B5,Office Desk 498,Furniture,Office Supplies,244.00
599,SKU-3CF166C6,Office Desk 499,Furniture,Office Supplies,420.00
600,SKU-CEE63112,Ultra Monitor 500,Monitors,Electronics,616.00
601,SKU-5B69B9CB,Office Desk 501,Furniture,Office Supplies,338.00
602,SKU-B5B41FAC,Office Desk 502,Furniture,Office Supplies,207.00
603,SKU-285E19F2,Office Desk 503,Furniture,Office Supplies,253.00
604,SKU-B337E84D,Pro Laptop 504,Laptops,Electronics,212.00
605,SKU-E8C0653F,Pro Laptop 505,Laptops,Electronics,65.00
606,SKU-FF4D5FBB,Office Desk 506,Furniture,Office Supplies,500.00
607,SKU-2D6CC4B2,Ultra Monitor 507,Monitors,Electronics,476.00
608,SKU-389BC7BB,Office Desk 508,Furniture,Office Supplies,107.00
609,SKU-E2230B85,Pro Laptop 509,Laptops,Electronics,243.00
610,SKU-08740852,Office Desk 510,Furniture,Office Supplies,417.00
611,SKU-A7608800,Office Desk 511,Furniture,Office Supplies,255.00
612,SKU-10A7CDD9,Office Desk 512,Furniture,Office Supplies,758.00
613,SKU-3DC4876F,Office Desk 513,Furniture,Office Supplies,323.00
614,SKU-59B90E10,Office Desk 514,Furniture,Office Supplies,554.00
615,SKU-2B8A6159,Pro Laptop 515,Laptops,Electronics,274.00
616,SKU-F3F27A32,Office Desk 516,Furniture,Office Supplies,149.00
617,SKU-38913E1D,Ultra Monitor 517,Monitors,Electronics,84.00
618,SKU-EBD9629F,Ultra Monitor 518,Monitors,Electronics,456.00
619,SKU-63538FE6,Office Desk 519,Furniture,Office Supplies,762.00
620,SKU-CF67355A,Office Desk 520,Furniture,Office Supplies,558.00
621,SKU-07563A3F,Wireless Hub 521,Accessories,Electronics,380.00
622,SKU-53FDE96F,Office Desk 522,Furniture,Office Supplies,375.00
623,SKU-2BB232C0,Office Desk 523,Furniture,Office Supplies,478.00
624,SKU-BA2FD310,Office Desk 524,Furniture,Office Supplies,356.00
625,SKU-69421F03,Office Desk 525,Furniture,Office Supplies,417.00
626,SKU-85422AFB,Office Desk 526,Furniture,Office Supplies,519.00
627,SKU-13F320E7,Office Desk 527,Furniture,Office Supplies,404.00
628,SKU-F4BE0027,Office Desk 528,Furniture,Office Supplies,725.00
629,SKU-37F0E884,Ultra Monitor 529,Monitors,Electronics,216.00
630,SKU-D64A340B,Pro Laptop 530,Laptops,Electronics,399.00
631,SKU-0FCBC61A,Ultra Monitor 531,Monitors,Electronics,92.00
632,SKU-298F95E1,Ultra Monitor 532,Monitors,Electronics,231.00
633,SKU-DF877F38,Office Desk 533,Furniture,Office Supplies,248.00
634,SKU-C399862D,Office Desk 534,Furniture,Office Supplies,49.00
635,SKU-33E8075E,Office Desk 535,Furniture,Office Supplies,282.00
636,SKU-65658FDE,Office Desk 536,Furniture,Office Supplies,80.00
637,SKU-5EA1649A,Pro Laptop 537,Laptops,Electronics,763.00
638,SKU-7BCDF75A,Office Desk 538,Furniture,Office Supplies,783.00
639,SKU-57370345,Wireless Hub 539,Accessories,Electronics,185.00
640,SKU-9B72E31D,Pro Laptop 540,Laptops,Electronics,316.00
641,SKU-16C222AA,Office Desk 541,Furniture,Office Supplies,425.00
642,SKU-7DCD340D,Ultra Monitor 542,Monitors,Electronics,666.00
643,SKU-81448138,Office Desk 543,Furniture,Office Supplies,731.00
644,SKU-97E8527F,Pro Laptop 544,Laptops,Electronics,372.00
645,SKU-647BBA34,Office Desk 545,Furniture,Office Supplies,360.00
646,SKU-ED265BC9,Pro Laptop 546,Laptops,Electronics,623.00
647,SKU-C75B6F11,Office Desk 547,Furniture,Office Supplies,273.00
648,SKU-8D34201A,Pro Laptop 548,Laptops,Electronics,308.00
649,SKU-CCB1D45F,Office Desk 549,Furniture,Office Supplies,73.00
650,SKU-01F78BE6,Office Desk 550,Furniture,Office Supplies,198.00
651,SKU-7F24D240,Office Desk 551,Furniture,Office Supplies,659.00
652,SKU-94C7BB58,Pro Laptop 552,Laptops,Electronics,466.00
653,SKU-F387624D,Office Desk 553,Furniture,Office Supplies,105.00
654,SKU-5E388103,Office Desk 554,Furniture,Office Supplies,234.00
655,SKU-15DE21C6,Office Desk 555,Furniture,Office Supplies,93.00
656,SKU-11B921EF,Wireless Hub 556,Accessories,Electronics,681.00
657,SKU-6E2713A6,Office Desk 557,Furniture,Office Supplies,753.00
658,SKU-1BB91F73,Ultra Monitor 558,Monitors,Electronics,689.00
659,SKU-3A077244,Office Desk 559,Furniture,Office Supplies,467.00
660,SKU-A9A6653E,Pro Laptop 560,Laptops,Electronics,422.00
661,SKU-58AE749F,Office Desk 561,Furniture,Office Supplies,96.00
662,SKU-4E4B5FBB,Office Desk 562,Furniture,Office Supplies,161.00
663,SKU-8EEFCFDF,Office Desk 563,Furniture,Office Supplies,99.00
664,SKU-1728EFBD,Pro Laptop 564,Laptops,Electronics,630.00
665,SKU-CBCB58AC,Pro Laptop 565,Laptops,Electronics,774.00
666,SKU-DB85E259,Office Desk 566,Furniture,Office Supplies,528.00
667,SKU-99C5E07B,Pro Laptop 567,Laptops,Electronics,682.00
668,SKU-DD458505,Pro Laptop 568,Laptops,Electronics,362.00
669,SKU-8B16EBC0,Office Desk 569,Furniture,Office Supplies,690.00
670,SKU-A86C450B,Ultra Monitor 570,Monitors,Electronics,689.00
671,SKU-C9892A98,Pro Laptop 571,Laptops,Electronics,529.00
672,SKU-E6B4B2A7,Office Desk 572,Furniture,Office Supplies,206.00
673,SKU-E5F6AD6C,Office Desk 573,Furniture,Office Supplies,553.00
674,SKU-F0E52B27,Pro Laptop 574,Laptops,Electronics,200.00
675,SKU-FFEABD22,Pro Laptop 575,Laptops,Electronics,548.00
676,SKU-A7AEED74,Pro Laptop 576,Laptops,Electronics,732.00
677,SKU-FDE9264C,Office Desk 577,Furniture,Office Supplies,167.00
678,SKU-A8849B05,Office Desk 578,Furniture,Office Supplies,60.00
679,SKU-258BE18E,Pro Laptop 579,Laptops,Electronics,733.00
680,SKU-069D3BB0,Wireless Hub 580,Accessories,Electronics,502.00
681,SKU-C6E19E83,Pro Laptop 581,Laptops,Electronics,29.00
682,SKU-46922A08,Office Desk 582,Furniture,Office Supplies,648.00
683,SKU-9AD6AAED,Office Desk 583,Furniture,Office Supplies,718.00
684,SKU-F5DEAEEA,Office Desk 584,Furniture,Office Supplies,219.00
685,SKU-A9A1D531,Ultra Monitor 585,Monitors,Electronics,624.00
686,SKU-605FF764,Office Desk 586,Furniture,Office Supplies,722.00
687,SKU-766EBCD5,Pro Laptop 587,Laptops,Electronics,270.00
688,SKU-DACA4121,Office Desk 588,Furniture,Office Supplies,404.00
689,SKU-30BB3825,Office Desk 589,Furniture,Office Supplies,134.00
690,SKU-08B255A5,Office Desk 590,Furniture,Office Supplies,456.00
691,SKU-3493894F,Ultra Monitor 591,Monitors,Electronics,520.00
692,SKU-DBE272BA,Office Desk 592,Furniture,Office Supplies,673.00
693,SKU-ACC3E040,Office Desk 593,Furniture,Office Supplies,698.00
694,SKU-076A0C97,Wireless Hub 594,Accessories,Electronics,248.00
695,SKU-04ECB1FA,Wireless Hub 595,Accessories,Electronics,761.00
696,SKU-B2EEB736,Office Desk 596,Furniture,Office Supplies,666.00
697,SKU-08C5433A,Pro Laptop 597,Laptops,Electronics,404.00
698,SKU-6ACA9700,Office Desk 598,Furniture,Office Supplies,105.00
699,SKU-3435C378,Wireless Hub 599,Accessories,Electronics,154.00
700,SKU-D490D7B4,Office Desk 600,Furniture,Office Supplies,634.00
701,SKU-B2F627FF,Ultra Monitor 601,Monitors,Electronics,219.00
702,SKU-C3992E9A,Office Desk 602,Furniture,Office Supplies,729.00
703,SKU-D86EA612,Office Desk 603,Furniture,Office Supplies,72.00
704,SKU-9CF81D80,Office Desk 604,Furniture,Office Supplies,283.00
705,SKU-C361BC7B,Pro Laptop 605,Laptops,Electronics,613.00
706,SKU-44C4C173,Office Desk 606,Furniture,Office Supplies,218.00
707,SKU-DC82D632,Wireless Hub 607,Accessories,Electronics,749.00
708,SKU-996A7FA0,Pro Laptop 608,Laptops,Electronics,592.00
709,SKU-D7A728A6,Office Desk 609,Furniture,Office Supplies,691.00
710,SKU-00AC8ED3,Ultra Monitor 610,Monitors,Electronics,557.00
711,SKU-8EBDA540,Office Desk 611,Furniture,Office Supplies,253.00
712,SKU-F76A89F0,Ultra Monitor 612,Monitors,Electronics,795.00
713,SKU-F29C21D4,Pro Laptop 613,Laptops,Electronics,147.00
714,SKU-851DDF50,Office Desk 614,Furniture,Office Supplies,545.00
715,SKU-58D4D1E7,Pro Laptop 615,Laptops,Electronics,176.00
716,SKU-7750CA35,Office Desk 616,Furniture,Office Supplies,130.00
717,SKU-5D44EE6F,Office Desk 617,Furniture,Office Supplies,46.00
718,SKU-EB6FDC36,Wireless Hub 618,Accessories,Electronics,161.00
719,SKU-CDC0D6E6,Pro Laptop 619,Laptops,Electronics,194.00
720,SKU-B73DFE25,Wireless Hub 620,Accessories,Electronics,95.00
721,SKU-85FC37B1,Ultra Monitor 621,Monitors,Electronics,414.00
722,SKU-3871BD64,Pro Laptop 622,Laptops,Electronics,66.00
723,SKU-A733FA9B,Pro Laptop 623,Laptops,Electronics,241.00
724,SKU-48AB2F9B,Pro Laptop 624,Laptops,Electronics,356.00
725,SKU-23350907,Office Desk 625,Furniture,Office Supplies,99.00
726,SKU-45645A27,Pro Laptop 626,Laptops,Electronics,746.00
727,SKU-185C29DC,Office Desk 627,Furniture,Office Supplies,391.00
728,SKU-42E77B63,Wireless Hub 628,Accessories,Electronics,422.00
729,SKU-051E4E12,Office Desk 629,Furniture,Office Supplies,347.00
730,SKU-9CC138F8,Office Desk 630,Furniture,Office Supplies,316.00
731,SKU-B7BB35B9,Office Desk 631,Furniture,Office Supplies,106.00
732,SKU-ABD81528,Office Desk 632,Furniture,Office Supplies,240.00
733,SKU-26DD0DBC,Ultra Monitor 633,Monitors,Electronics,96.00
734,SKU-6766AA27,Office Desk 634,Furniture,Office Supplies,527.00
735,SKU-6A10BBD4,Office Desk 635,Furniture,Office Supplies,323.00
736,SKU-C5AB0BC6,Office Desk 636,Furniture,Office Supplies,699.00
737,SKU-A532400E,Office Desk 637,Furniture,Office Supplies,473.00
738,SKU-4C27CEA8,Pro Laptop 638,Laptops,Electronics,697.00
739,SKU-0F966132,Office Desk 639,Furniture,Office Supplies,793.00
740,SKU-4FFCE04D,Wireless Hub 640,Accessories,Electronics,654.00
741,SKU-67E103B0,Office Desk 641,Furniture,Office Supplies,146.00
742,SKU-291597A1,Ultra Monitor 642,Monitors,Electronics,285.00
743,SKU-9B698EB3,Pro Laptop 643,Laptops,Electronics,616.00
744,SKU-8C7BBBBA,Ultra Monitor 644,Monitors,Electronics,743.00
745,SKU-5E9F92A0,Office Desk 645,Furniture,Office Supplies,272.00
746,SKU-0FF39BBB,Pro Laptop 646,Laptops,Electronics,721.00
747,SKU-303ED4C6,Wireless Hub 647,Accessories,Electronics,271.00
748,SKU-443CB001,Wireless Hub 648,Accessories,Electronics,188.00
749,SKU-55B37C5C,Office Desk 649,Furniture,Office Supplies,723.00
750,SKU-884D247C,Pro Laptop 650,Laptops,Electronics,729.00
751,SKU-55743CC0,Office Desk 651,Furniture,Office Supplies,55.00
752,SKU-30EF30B6,Pro Laptop 652,Laptops,Electronics,466.00
753,SKU-EAAE339C,Wireless Hub 653,Accessories,Electronics,726.00
754,SKU-AB233B68,Office Desk 654,Furniture,Office Supplies,589.00
755,SKU-3D2D8CCB,Office Desk 655,Furniture,Office Supplies,551.00
756,SKU-26408FFA,Wireless Hub 656,Accessories,Electronics,781.00
757,SKU-B4288D9C,Pro Laptop 657,Laptops,Electronics,267.00
758,SKU-2F37D101,Office Desk 658,Furniture,Office Supplies,759.00
759,SKU-0FF8033C,Pro Laptop 659,Laptops,Electronics,117.00
760,SKU-68264BDB,Office Desk 660,Furniture,Office Supplies,463.00
761,SKU-3A066BDA,Office Desk 661,Furniture,Office Supplies,389.00
762,SKU-BE3159AD,Ultra Monitor 662,Monitors,Electronics,487.00
763,SKU-8757150D,Office Desk 663,Furniture,Office Supplies,549.00
764,SKU-2291D2EC,Pro Laptop 664,Laptops,Electronics,170.00
765,SKU-84117275,Pro Laptop 665,Laptops,Electronics,470.00
766,SKU-FAE0B27C,Office Desk 666,Furniture,Office Supplies,790.00
767,SKU-B5DC4E5D,Office Desk 667,Furniture,Office Supplies,683.00
768,SKU-192FC044,Office Desk 668,Furniture,Office Supplies,200.00
769,SKU-5C049256,Pro Laptop 669,Laptops,Electronics,523.00
770,SKU-17C276C8,Office Desk 670,Furniture,Office Supplies,276.00
771,SKU-5DD9DB5E,Ultra Monitor 671,Monitors,Electronics,627.00
772,SKU-2DEA61EE,Pro Laptop 672,Laptops,Electronics,37.00
773,SKU-9F396FE4,Office Desk 673,Furniture,Office Supplies,165.00
774,SKU-0D7DE1AC,Office Desk 674,Furniture,Office Supplies,569.00
775,SKU-8FECB208,Ultra Monitor 675,Monitors,Electronics,51.00
776,SKU-DC6A7071,Wireless Hub 676,Accessories,Electronics,294.00
777,SKU-71A3CB15,Office Desk 677,Furniture,Office Supplies,555.00
778,SKU-9FE8593A,Wireless Hub 678,Accessories,Electronics,752.00
779,SKU-CA9C267D,Office Desk 679,Furniture,Office Supplies,95.00
780,SKU-FCCB3CDC,Pro Laptop 680,Laptops,Electronics,262.00
781,SKU-1595AF64,Office Desk 681,Furniture,Office Supplies,45.00
782,SKU-08D98638,Pro Laptop 682,Laptops,Electronics,520.00
783,SKU-24681928,Wireless Hub 683,Accessories,Electronics,522.00
784,SKU-556F3919,Office Desk 684,Furniture,Office Supplies,626.00
785,SKU-3328BDF9,Office Desk 685,Furniture,Office Supplies,625.00
786,SKU-109A0CA3,Office Desk 686,Furniture,Office Supplies,455.00
787,SKU-7F5D04D1,Pro Laptop 687,Laptops,Electronics,592.00
788,SKU-F79921BB,Pro Laptop 688,Laptops,Electronics,643.00
789,SKU-07A96B1F,Ultra Monitor 689,Monitors,Electronics,276.00
790,SKU-C06D06DA,Pro Laptop 690,Laptops,Electronics,374.00
791,SKU-10A5AB2D,Wireless Hub 691,Accessories,Electronics,296.00
792,SKU-E555EBE0,Office Desk 692,Furniture,Office Supplies,727.00
793,SKU-53E3A716,Wireless Hub 693,Accessories,Electronics,350.00
794,SKU-5487315B,Office Desk 694,Furniture,Office Supplies,21.00
795,SKU-E4BB4C51,Office Desk 695,Furniture,Office Supplies,253.00
796,SKU-0CB929EA,Wireless Hub 696,Accessories,Electronics,127.00
797,SKU-8A0E1141,Pro Laptop 697,Laptops,Electronics,785.00
798,SKU-99BCFCD7,Office Desk 698,Furniture,Office Supplies,263.00
799,SKU-AFD48367,Office Desk 699,Furniture,Office Supplies,459.00
800,SKU-E5841DF2,Office Desk 700,Furniture,Office Supplies,237.00
801,SKU-B4A52895,Wireless Hub 701,Accessories,Electronics,584.00
802,SKU-B1EEC33C,Pro Laptop 702,Laptops,Electronics,90.00
803,SKU-D6C651DD,Office Desk 703,Furniture,Office Supplies,379.00
804,SKU-F64EAC11,Wireless Hub 704,Accessories,Electronics,591.00
805,SKU-4A47D298,Office Desk 705,Furniture,Office Supplies,394.00
806,SKU-9C82C714,Pro Laptop 706,Laptops,Electronics,652.00
807,SKU-500E75A0,Pro Laptop 707,Laptops,Electronics,446.00
808,SKU-AE0EB3EE,Pro Laptop 708,Laptops,Electronics,249.00
809,SKU-1ECFB463,Wireless Hub 709,Accessories,Electronics,731.00
810,SKU-E7061188,Office Desk 710,Furniture,Office Supplies,126.00
811,SKU-60815949,Ultra Monitor 711,Monitors,Electronics,85.00
812,SKU-19BC9161,Wireless Hub 712,Accessories,Electronics,623.00
813,SKU-07C5807D,Pro Laptop 713,Laptops,Electronics,628.00
814,SKU-D14220EE,Ultra Monitor 714,Monitors,Electronics,659.00
815,SKU-8DF707A9,Pro Laptop 715,Laptops,Electronics,410.00
816,SKU-E7F8A7FB,Wireless Hub 716,Accessories,Electronics,340.00
817,SKU-788D9869,Wireless Hub 717,Accessories,Electronics,382.00
818,SKU-50C3D761,Office Desk 718,Furniture,Office Supplies,715.00
819,SKU-2AFE4567,Ultra Monitor 719,Monitors,Electronics,552.00
820,SKU-5F2C22CB,Office Desk 720,Furniture,Office Supplies,111.00
821,SKU-ABA3B6FD,Office Desk 721,Furniture,Office Supplies,665.00
822,SKU-C8ED21DB,Ultra Monitor 722,Monitors,Electronics,786.00
823,SKU-08419BE8,Office Desk 723,Furniture,Office Supplies,733.00
824,SKU-7F1171A7,Office Desk 724,Furniture,Office Supplies,403.00
825,SKU-82F2B308,Office Desk 725,Furniture,Office Supplies,50.00
826,SKU-0D3180D6,Pro Laptop 726,Laptops,Electronics,121.00
827,SKU-FB89705A,Office Desk 727,Furniture,Office Supplies,350.00
828,SKU-D4C2E4A3,Office Desk 728,Furniture,Office Supplies,716.00
829,SKU-5751EC3E,Office Desk 729,Furniture,Office Supplies,479.00
830,SKU-D5CFEAD9,Office Desk 730,Furniture,Office Supplies,285.00
831,SKU-59C33016,Office Desk 731,Furniture,Office Supplies,717.00
832,SKU-BA386660,Ultra Monitor 732,Monitors,Electronics,680.00
833,SKU-6C29793A,Wireless Hub 733,Accessories,Electronics,126.00
834,SKU-E995F98D,Ultra Monitor 734,Monitors,Electronics,438.00
835,SKU-6CD67D9B,Ultra Monitor 735,Monitors,Electronics,318.00
836,SKU-6BC24FC1,Ultra Monitor 736,Monitors,Electronics,643.00
837,SKU-A5CDD4AA,Wireless Hub 737,Accessories,Electronics,671.00
838,SKU-217EEDD1,Office Desk 738,Furniture,Office Supplies,767.00
839,SKU-DF263D99,Office Desk 739,Furniture,Office Supplies,41.00
840,SKU-EDFBE1AF,Wireless Hub 740,Accessories,Electronics,338.00
841,SKU-2E65F2F2,Ultra Monitor 741,Monitors,Electronics,595.00
842,SKU-E94550C9,Office Desk 742,Furniture,Office Supplies,461.00
843,SKU-5C572ECA,Office Desk 743,Furniture,Office Supplies,102.00
844,SKU-0537FB40,Office Desk 744,Furniture,Office Supplies,150.00
845,SKU-5F0F5E5F,Ultra Monitor 745,Monitors,Electronics,392.00
846,SKU-185E65BC,Office Desk 746,Furniture,Office Supplies,175.00
847,SKU-8D317BDC,Office Desk 747,Furniture,Office Supplies,223.00
848,SKU-E49B8B40,Pro Laptop 748,Laptops,Electronics,626.00
849,SKU-B056EB15,Pro Laptop 749,Laptops,Electronics,36.00
850,SKU-B137FDD1,Ultra Monitor 750,Monitors,Electronics,179.00
851,SKU-912D2B1C,Ultra Monitor 751,Monitors,Electronics,356.00
852,SKU-A1D33D0D,Office Desk 752,Furniture,Office Supplies,310.00
853,SKU-6F2268BD,Pro Laptop 753,Laptops,Electronics,437.00
854,SKU-872488F8,Ultra Monitor 754,Monitors,Electronics,102.00
855,SKU-CCB09896,Office Desk 755,Furniture,Office Supplies,618.00
856,SKU-2823F479,Ultra Monitor 756,Monitors,Electronics,273.00
857,SKU-470E7A4F,Ultra Monitor 757,Monitors,Electronics,232.00
858,SKU-BF62768C,Ultra Monitor 758,Monitors,Electronics,730.00
859,SKU-FA14D4FE,Office Desk 759,Furniture,Office Supplies,691.00
860,SKU-2CA65F58,Ultra Monitor 760,Monitors,Electronics,712.00
861,SKU-88AE6372,Office Desk 761,Furniture,Office Supplies,92.00
862,SKU-06997F04,Ultra Monitor 762,Monitors,Electronics,785.00
863,SKU-EEFC9E10,Pro Laptop 763,Laptops,Electronics,760.00
864,SKU-5807A685,Pro Laptop 764,Laptops,Electronics,730.00
865,SKU-D840CC5D,Ultra Monitor 765,Monitors,Electronics,689.00
866,SKU-959A557F,Wireless Hub 766,Accessories,Electronics,248.00
867,SKU-F2201F51,Office Desk 767,Furniture,Office Supplies,645.00
868,SKU-3A835D32,Ultra Monitor 768,Monitors,Electronics,642.00
869,SKU-288CC0FF,Office Desk 769,Furniture,Office Supplies,460.00
870,SKU-4EA06FBC,Ultra Monitor 770,Monitors,Electronics,278.00
871,SKU-B7EE6F5F,Office Desk 771,Furniture,Office Supplies,589.00
872,SKU-E57C6B95,Office Desk 772,Furniture,Office Supplies,317.00
873,SKU-86B122D4,Pro Laptop 773,Laptops,Electronics,769.00
874,SKU-4E0928DE,Office Desk 774,Furniture,Office Supplies,162.00
875,SKU-C0F168CE,Office Desk 775,Furniture,Office Supplies,331.00
876,SKU-8C6744C9,Ultra Monitor 776,Monitors,Electronics,380.00
877,SKU-F1C15925,Pro Laptop 777,Laptops,Electronics,237.00
878,SKU-E0741335,Office Desk 778,Furniture,Office Supplies,48.00
879,SKU-67D96D45,Office Desk 779,Furniture,Office Supplies,678.00
880,SKU-A8E864D0,Office Desk 780,Furniture,Office Supplies,104.00
881,SKU-7143D7FB,Wireless Hub 781,Accessories,Electronics,549.00
882,SKU-72DA7FD6,Wireless Hub 782,Accessories,Electronics,587.00
883,SKU-6E0721B2,Pro Laptop 783,Laptops,Electronics,711.00
884,SKU-FC8001F8,Office Desk 784,Furniture,Office Supplies,367.00
885,SKU-4B04A686,Ultra Monitor 785,Monitors,Electronics,773.00
886,SKU-61B4A64B,Office Desk 786,Furniture,Office Supplies,210.00
887,SKU-3621F145,Pro Laptop 787,Laptops,Electronics,122.00
888,SKU-C15DA1F2,Wireless Hub 788,Accessories,Electronics,559.00
889,SKU-68053AF2,Office Desk 789,Furniture,Office Supplies,133.00
890,SKU-2DACE78F,Office Desk 790,Furniture,Office Supplies,680.00
891,SKU-DF7F28AC,Office Desk 791,Furniture,Office Supplies,104.00
892,SKU-96EA64F3,Wireless Hub 792,Accessories,Electronics,618.00
893,SKU-DA8CE53C,Office Desk 793,Furniture,Office Supplies,36.00
894,SKU-82489C97,Ultra Monitor 794,Monitors,Electronics,340.00
895,SKU-7C590F01,Office Desk 795,Furniture,Office Supplies,494.00
896,SKU-35CF8659,Pro Laptop 796,Laptops,Electronics,214.00
897,SKU-BEB22FB6,Wireless Hub 797,Accessories,Electronics,452.00
898,SKU-9E3CFC48,Ultra Monitor 798,Monitors,Electronics,507.00
899,SKU-28267AB8,Ultra Monitor 799,Monitors,Electronics,146.00
900,SKU-7A53928F,Office Desk 800,Furniture,Office Supplies,35.00
901,SKU-1905AEDA,Pro Laptop 801,Laptops,Electronics,215.00
902,SKU-1141938B,Pro Laptop 802,Laptops,Electronics,201.00
903,SKU-1AA48FC4,Office Desk 803,Furniture,Office Supplies,675.00
904,SKU-DC568979,Office Desk 804,Furniture,Office Supplies,87.00
905,SKU-846C260D,Office Desk 805,Furniture,Office Supplies,705.00
906,SKU-D58072BE,Ultra Monitor 806,Monitors,Electronics,89.00
907,SKU-6E7B33FD,Wireless Hub 807,Accessories,Electronics,430.00
908,SKU-A8ECBABA,Pro Laptop 808,Laptops,Electronics,637.00
909,SKU-32B30A25,Office Desk 809,Furniture,Office Supplies,780.00
910,SKU-B6EDC1CD,Office Desk 810,Furniture,Office Supplies,61.00
911,SKU-670E8A43,Office Desk 811,Furniture,Office Supplies,156.00
912,SKU-81E74D67,Office Desk 812,Furniture,Office Supplies,679.00
913,SKU-E0CF1F47,Ultra Monitor 813,Monitors,Electronics,675.00
914,SKU-96B9BFF0,Ultra Monitor 814,Monitors,Electronics,64.00
915,SKU-71AD16AD,Office Desk 815,Furniture,Office Supplies,273.00
916,SKU-43FA7F58,Wireless Hub 816,Accessories,Electronics,429.00
917,SKU-31839B03,Ultra Monitor 817,Monitors,Electronics,777.00
918,SKU-F0ADC883,Ultra Monitor 818,Monitors,Electronics,259.00
919,SKU-3B5DCA50,Pro Laptop 819,Laptops,Electronics,294.00
920,SKU-E2A2DCC3,Pro Laptop 820,Laptops,Electronics,630.00
921,SKU-4558DBB6,Pro Laptop 821,Laptops,Electronics,260.00
922,SKU-AFDA3322,Ultra Monitor 822,Monitors,Electronics,433.00
923,SKU-632CEE94,Ultra Monitor 823,Monitors,Electronics,614.00
924,SKU-677E0972,Ultra Monitor 824,Monitors,Electronics,420.00
925,SKU-D554F7BB,Ultra Monitor 825,Monitors,Electronics,669.00
926,SKU-795C7A7A,Wireless Hub 826,Accessories,Electronics,251.00
927,SKU-FA3A3C40,Office Desk 827,Furniture,Office Supplies,316.00
928,SKU-C2626D85,Pro Laptop 828,Laptops,Electronics,547.00
929,SKU-CE78D1DA,Ultra Monitor 829,Monitors,Electronics,308.00
930,SKU-8E82AB72,Office Desk 830,Furniture,Office Supplies,590.00
931,SKU-E0EC453E,Office Desk 831,Furniture,Office Supplies,602.00
932,SKU-7250EB93,Ultra Monitor 832,Monitors,Electronics,298.00
933,SKU-013A006F,Pro Laptop 833,Laptops,Electronics,798.00
934,SKU-301AD0E3,Ultra Monitor 834,Monitors,Electronics,445.00
935,SKU-4D5B9953,Office Desk 835,Furniture,Office Supplies,404.00
936,SKU-AB88B157,Office Desk 836,Furniture,Office Supplies,190.00
937,SKU-B0B183C2,Office Desk 837,Furniture,Office Supplies,322.00
938,SKU-F9028FAE,Pro Laptop 838,Laptops,Electronics,478.00
939,SKU-8F7D807E,Pro Laptop 839,Laptops,Electronics,97.00
940,SKU-FA83A11A,Pro Laptop 840,Laptops,Electronics,281.00
941,SKU-02A32AD2,Office Desk 841,Furniture,Office Supplies,764.00
942,SKU-FC3CF452,Office Desk 842,Furniture,Office Supplies,462.00
943,SKU-3D8E28CA,Ultra Monitor 843,Monitors,Electronics,276.00
944,SKU-E97EE205,Office Desk 844,Furniture,Office Supplies,311.00
945,SKU-B86E8D03,Office Desk 845,Furniture,Office Supplies,739.00
946,SKU-84F7E699,Office Desk 846,Furniture,Office Supplies,546.00
947,SKU-F4552671,Office Desk 847,Furniture,Office Supplies,421.00
948,SKU-362E80D4,Ultra Monitor 848,Monitors,Electronics,777.00
949,SKU-FE8C15FE,Wireless Hub 849,Accessories,Electronics,589.00
950,SKU-1EFA39BC,Pro Laptop 850,Laptops,Electronics,564.00
951,SKU-92FB0C6D,Office Desk 851,Furniture,Office Supplies,435.00
952,SKU-22AC3C5A,Wireless Hub 852,Accessories,Electronics,357.00
953,SKU-AFF16212,Pro Laptop 853,Laptops,Electronics,181.00
954,SKU-F7E9050C,Ultra Monitor 854,Monitors,Electronics,706.00
955,SKU-ADDFA9B7,Ultra Monitor 855,Monitors,Electronics,236.00
956,SKU-8C235F89,Office Desk 856,Furniture,Office Supplies,298.00
957,SKU-847CC55B,Pro Laptop 857,Laptops,Electronics,344.00
958,SKU-A67F0968,Pro Laptop 858,Laptops,Electronics,571.00
959,SKU-2A084E55,Ultra Monitor 859,Monitors,Electronics,585.00
960,SKU-FC49306D,Office Desk 860,Furniture,Office Supplies,289.00
961,SKU-F9A40A47,Ultra Monitor 861,Monitors,Electronics,734.00
962,SKU-5EC91AAC,Office Desk 862,Furniture,Office Supplies,224.00
963,SKU-19B65066,Pro Laptop 863,Laptops,Electronics,299.00
964,SKU-1FC21400,Office Desk 864,Furniture,Office Supplies,209.00
965,SKU-3B3DBAF6,Office Desk 865,Furniture,Office Supplies,335.00
966,SKU-CA8155F4,Wireless Hub 866,Accessories,Electronics,33.00
967,SKU-EDE7E2B6,Wireless Hub 867,Accessories,Electronics,200.00
968,SKU-DD45045F,Office Desk 868,Furniture,Office Supplies,84.00
969,SKU-49C9ADB1,Pro Laptop 869,Laptops,Electronics,623.00
970,SKU-22FB0CEE,Wireless Hub 870,Accessories,Electronics,78.00
971,SKU-AEB3135B,Pro Laptop 871,Laptops,Electronics,352.00
972,SKU-43FEAEEE,Pro Laptop 872,Laptops,Electronics,120.00
973,SKU-98D6F58A,Pro Laptop 873,Laptops,Electronics,483.00
974,SKU-51EF186E,Office Desk 874,Furniture,Office Supplies,748.00
975,SKU-4B0A59DD,Pro Laptop 875,Laptops,Electronics,437.00
976,SKU-67D16D00,Pro Laptop 876,Laptops,Electronics,182.00
977,SKU-35240722,Pro Laptop 877,Laptops,Electronics,716.00
978,SKU-DD8EB9F2,Office Desk 878,Furniture,Office Supplies,755.00
979,SKU-D516B136,Pro Laptop 879,Laptops,Electronics,791.00
980,SKU-1F50893F,Office Desk 880,Furniture,Office Supplies,302.00
981,SKU-7504ADAD,Ultra Monitor 881,Monitors,Electronics,619.00
982,SKU-6C3CF77D,Office Desk 882,Furniture,Office Supplies,84.00
983,SKU-210F760A,Office Desk 883,Furniture,Office Supplies,37.00
984,SKU-170C9449,Pro Laptop 884,Laptops,Electronics,378.00
985,SKU-0EFE3284,Pro Laptop 885,Laptops,Electronics,280.00
986,SKU-704AFE07,Office Desk 886,Furniture,Office Supplies,563.00
987,SKU-7CE3284B,Office Desk 887,Furniture,Office Supplies,728.00
988,SKU-0A113EF6,Ultra Monitor 888,Monitors,Electronics,73.00
989,SKU-07871915,Office Desk 889,Furniture,Office Supplies,751.00
990,SKU-024D7F84,Pro Laptop 890,Laptops,Electronics,320.00
991,SKU-CFBCE4C1,Office Desk 891,Furniture,Office Supplies,101.00
992,SKU-C2AEE861,Ultra Monitor 892,Monitors,Electronics,343.00
993,SKU-D56B9FC4,Wireless Hub 893,Accessories,Electronics,416.00
994,SKU-4B025079,Pro Laptop 894,Laptops,Electronics,689.00
995,SKU-20AEE3A5,Wireless Hub 895,Accessories,Electronics,80.00
996,SKU-061412E4,Office Desk 896,Furniture,Office Supplies,222.00
997,SKU-5705E116,Office Desk 897,Furniture,Office Supplies,635.00
998,SKU-A64C94BA,Pro Laptop 898,Laptops,Electronics,209.00
999,SKU-01882513,Pro Laptop 899,Laptops,Electronics,773.00
1000,SKU-ACF4B89D,Office Desk 900,Furniture,Office Supplies,165.00
1001,SKU-892C91E0,Pro Laptop 901,Laptops,Electronics,263.00
1002,SKU-B6A1085A,Pro Laptop 902,Laptops,Electronics,64.00
1003,SKU-AA169B49,Wireless Hub 903,Accessories,Electronics,174.00
1004,SKU-F47D0AD3,Pro Laptop 904,Laptops,Electronics,607.00
1005,SKU-F57A2F55,Office Desk 905,Furniture,Office Supplies,34.00
1006,SKU-C8FBBC86,Office Desk 906,Furniture,Office Supplies,252.00
1007,SKU-621461AF,Ultra Monitor 907,Monitors,Electronics,305.00
1008,SKU-8B6DD7DB,Ultra Monitor 908,Monitors,Electronics,458.00
1009,SKU-A4300B00,Ultra Monitor 909,Monitors,Electronics,102.00
1010,SKU-E205EE2A,Wireless Hub 910,Accessories,Electronics,436.00
1011,SKU-B56A18E0,Office Desk 911,Furniture,Office Supplies,666.00
1012,SKU-2A9D121C,Office Desk 912,Furniture,Office Supplies,436.00
1013,SKU-8B5040A8,Office Desk 913,Furniture,Office Supplies,224.00
1014,SKU-7634EA65,Ultra Monitor 914,Monitors,Electronics,233.00
1015,SKU-24896EE4,Ultra Monitor 915,Monitors,Electronics,341.00
1016,SKU-23CE1851,Wireless Hub 916,Accessories,Electronics,372.00
1017,SKU-DA0D1111,Office Desk 917,Furniture,Office Supplies,41.00
1018,SKU-1E056D2B,Pro Laptop 918,Laptops,Electronics,322.00
1019,SKU-3E89EBDB,Office Desk 919,Furniture,Office Supplies,123.00
1020,SKU-6D0F8463,Ultra Monitor 920,Monitors,Electronics,552.00
1021,SKU-430C3626,Office Desk 921,Furniture,Office Supplies,707.00
1022,SKU-CCC0AA1B,Office Desk 922,Furniture,Office Supplies,90.00
1023,SKU-C4015B7F,Ultra Monitor 923,Monitors,Electronics,61.00
1024,SKU-BEA5955B,Wireless Hub 924,Accessories,Electronics,407.00
1025,SKU-7FA732B5,Office Desk 925,Furniture,Office Supplies,544.00
1026,SKU-CBB6A3B8,Pro Laptop 926,Laptops,Electronics,623.00
1027,SKU-1F4477BA,Wireless Hub 927,Accessories,Electronics,26.00
1028,SKU-D045C59A,Office Desk 928,Furniture,Office Supplies,380.00
1029,SKU-0D0871F0,Pro Laptop 929,Laptops,Electronics,382.00
1030,SKU-1CC3633C,Pro Laptop 930,Laptops,Electronics,108.00
1031,SKU-9F53D83E,Office Desk 931,Furniture,Office Supplies,748.00
1032,SKU-D2ED45A5,Ultra Monitor 932,Monitors,Electronics,378.00
1033,SKU-043C3D7E,Office Desk 933,Furniture,Office Supplies,106.00
1034,SKU-4DAA3DB3,Ultra Monitor 934,Monitors,Electronics,446.00
1035,SKU-E820A45F,Pro Laptop 935,Laptops,Electronics,421.00
1036,SKU-90794E3B,Wireless Hub 936,Accessories,Electronics,425.00
1037,SKU-B7892FB3,Office Desk 937,Furniture,Office Supplies,726.00
1038,SKU-74BBA227,Office Desk 938,Furniture,Office Supplies,514.00
1039,SKU-3DF1D4B9,Ultra Monitor 939,Monitors,Electronics,346.00
1040,SKU-8D6DC35E,Office Desk 940,Furniture,Office Supplies,401.00
1041,SKU-92262BF9,Ultra Monitor 941,Monitors,Electronics,81.00
1042,SKU-B55EC28C,Office Desk 942,Furniture,Office Supplies,59.00
1043,SKU-2F885D0F,Office Desk 943,Furniture,Office Supplies,66.00
1044,SKU-64223CCF,Ultra Monitor 944,Monitors,Electronics,306.00
1045,SKU-4B6538A4,Office Desk 945,Furniture,Office Supplies,637.00
1046,SKU-C8C41C4A,Office Desk 946,Furniture,Office Supplies,253.00
1047,SKU-C4B31CE7,Pro Laptop 947,Laptops,Electronics,772.00
1048,SKU-58E4D44E,Office Desk 948,Furniture,Office Supplies,592.00
1049,SKU-3CEF96DC,Office Desk 949,Furniture,Office Supplies,150.00
1050,SKU-A3D68B46,Ultra Monitor 950,Monitors,Electronics,70.00
1051,SKU-1C1D4DF5,Office Desk 951,Furniture,Office Supplies,413.00
1052,SKU-E6CB2A3C,Office Desk 952,Furniture,Office Supplies,124.00
1053,SKU-9232FE81,Pro Laptop 953,Laptops,Electronics,635.00
1054,SKU-6395EBD0,Wireless Hub 954,Accessories,Electronics,220.00
1055,SKU-EF4E3B77,Office Desk 955,Furniture,Office Supplies,461.00
1056,SKU-168908DD,Office Desk 956,Furniture,Office Supplies,328.00
1057,SKU-2BA59664,Office Desk 957,Furniture,Office Supplies,35.00
1058,SKU-D240E3D3,Pro Laptop 958,Laptops,Electronics,231.00
1059,SKU-0F840BE9,Pro Laptop 959,Laptops,Electronics,216.00
1060,SKU-437D7D1D,Office Desk 960,Furniture,Office Supplies,129.00
1061,SKU-D707329B,Ultra Monitor 961,Monitors,Electronics,438.00
1062,SKU-5C936263,Office Desk 962,Furniture,Office Supplies,162.00
1063,SKU-1CE927F8,Pro Laptop 963,Laptops,Electronics,410.00
1064,SKU-8065D07D,Pro Laptop 964,Laptops,Electronics,357.00
1065,SKU-EEB69A3C,Wireless Hub 965,Accessories,Electronics,116.00
1066,SKU-4E0CB6FB,Office Desk 966,Furniture,Office Supplies,416.00
1067,SKU-6CFE0E61,Office Desk 967,Furniture,Office Supplies,423.00
1068,SKU-8F468C87,Office Desk 968,Furniture,Office Supplies,52.00
1069,SKU-E744F91C,Pro Laptop 969,Laptops,Electronics,610.00
1070,SKU-89FCD07F,Office Desk 970,Furniture,Office Supplies,474.00
1071,SKU-6602294B,Ultra Monitor 971,Monitors,Electronics,795.00
1072,SKU-C22ABFA3,Office Desk 972,Furniture,Office Supplies,272.00
1073,SKU-CA759101,Pro Laptop 973,Laptops,Electronics,364.00
1074,SKU-4311359E,Ultra Monitor 974,Monitors,Electronics,207.00
1075,SKU-92977AE4,Office Desk 975,Furniture,Office Supplies,131.00
1076,SKU-9C01802D,Pro Laptop 976,Laptops,Electronics,260.00
1077,SKU-CC1AA436,Pro Laptop 977,Laptops,Electronics,56.00
1078,SKU-2AB56412,Office Desk 978,Furniture,Office Supplies,405.00
1079,SKU-C32D9BF2,Pro Laptop 979,Laptops,Electronics,110.00
1080,SKU-D79AAC07,Pro Laptop 980,Laptops,Electronics,646.00
1081,SKU-287E03DB,Pro Laptop 981,Laptops,Electronics,328.00
1082,SKU-FEC8D47D,Wireless Hub 982,Accessories,Electronics,799.00
1083,SKU-6AAB1270,Pro Laptop 983,Laptops,Electronics,306.00
1084,SKU-D93ED5B6,Wireless Hub 984,Accessories,Electronics,542.00
1085,SKU-54A367D6,Office Desk 985,Furniture,Office Supplies,494.00
1086,SKU-FE7EE8FC,Office Desk 986,Furniture,Office Supplies,168.00
1087,SKU-DF6D2338,Office Desk 987,Furniture,Office Supplies,587.00
1088,SKU-9908279E,Pro Laptop 988,Laptops,Electronics,667.00
1089,SKU-A1140A3D,Office Desk 989,Furniture,Office Supplies,681.00
1090,SKU-4FAC9BA1,Pro Laptop 990,Laptops,Electronics,505.00
1091,SKU-692F93BE,Ultra Monitor 991,Monitors,Electronics,278.00
1092,SKU-860320BE,Office Desk 992,Furniture,Office Supplies,198.00
1093,SKU-7B13B220,Office Desk 993,Furniture,Office Supplies,532.00
1094,SKU-934815AD,Pro Laptop 994,Laptops,Electronics,293.00
1095,SKU-2BCAB9D9,Pro Laptop 995,Laptops,Electronics,57.00
1096,SKU-0B8AFF04,Office Desk 996,Furniture,Office Supplies,55.00
1097,SKU-EC5AA0B7,Office Desk 997,Furniture,Office Supplies,151.00
1098,SKU-9AB0D884,Pro Laptop 998,Laptops,Electronics,565.00
1099,SKU-B706835D,Office Desk 999,Furniture,Office Supplies,666.00
